"Usuario ""padre""",Nickname,Contrase√±a
Mord86,Stone Griffin,WAG95DOM2LZ
Mord86,Aspen Guerrero,PDW92QLF0HC
Mord86,Imogene Mcclure,MDQ80CXX3XT
Mord86,Tana Swanson,USW07EIK1AC
Mord86,Ava Stanley,ZEE21HJG3WL
Mord86,Karen Gutierrez,BLH11FPZ6AP
Mord86,Idona Benjamin,NMB35GLX6GU
Mord86,Jackson Acevedo,NDG72OCE0BM
Mord86,Robert Bean,FOA51PLE0LG
Stin94,Ulla Patrick,XVH81XJE3JU
Stin94,Gay Ferrell,YLS58CNZ5VG
Stin94,Deborah Thomas,AJY84VDN3LX
Stin94,Aidan Padilla,UJE11ESX2JX
Stin94,Sage Mendoza,SNQ22XPU9PV
Stin94,Otto Vaughan,JMB23NQN4XI
Stin94,Pandora Fisher,SAJ34YUA2FN
Stin94,Ronan Holman,CVS19CLN0FL
Asro25,Kitra Roy,SXI13FUI9BV
Asro25,Tobias Smith,JLQ96XDL6TY
Asro25,Ivory Thornton,GBO06VKR6YQ
Asro25,Brooke Hendricks,HAD42RCA9KF
Asro25,Vivian Walter,TXO22TXR1TT
